iter	Lq:q=5	R2
0	1212510.288	-2.112776362
1	159964.9576	-0.385119653
2	21753.73884	0.3933967466
3	2890.836744	0.7287664182
4	388.4841341	0.877854653
